<?xml version="1.0" encoding="UTF-8"?>
<?xml-model href="file:./ISOTS19139A1Constraints_v1.4.sch" type="application/xml" schematypens="http://purl.oclc.org/dsdl/schematron"?>
<?xml-model href="file:./S100_DSMD_1_0.sch" type="application/xml" schematypens="http://purl.oclc.org/dsdl/schematron"?>
<!-- Example classic ISO 19115:2003+Corr1 metadata for S-100 Edition 2.0.0 data set.
		Developed for the International Hydrographic Organization (IHO).
		Version 1.0	August 2015
-->
<!-- This file contains ISO 19115 metadata for the dataset AADLULGD09.000, located by the element datasetURI -->
<gmd:MD_Metadata
 xmlns:xlink="http://www.w3.org/1999/xlink"
 xmlns:gco="http://www.isotc211.org/2005/gco"
 xmlns:gmd="http://www.isotc211.org/2005/gmd"
 xmlns:gss="http://www.isotc211.org/2005/gss"
 xmlns:gsr="http://www.isotc211.org/2005/gsr"
 xmlns:gts="http://www.isotc211.org/2005/gts"
 xmlns:gmx="http://www.isotc211.org/2005/gmx"
 xmlns:gml="http://www.opengis.net/gml/3.2"
 xmlns:xsi="http://www.w3.org/2001/XMLSchema-instance"
 xsi:schemaLocation="http://www.isotc211.org/2005/gmx http://standards.iso.org/ittf/PubliclyAvailableStandards/ISO_19139_Schemas/gmx/gmx.xsd">
    <gmd:fileIdentifier><gco:CharacterString>MD_AADLULGD09_000.xml</gco:CharacterString></gmd:fileIdentifier>
    <gmd:language>
        <gco:CharacterString>eng</gco:CharacterString><!-- strictly according to 19115 and S-100, but needs a list of language codes -->
        <!--<gmd:LanguageCode codeList="http://standards.iso.org/ittf/PubliclyAvailableStandards/ISO_19139_Schemas/resources/Codelist/ML_gmxCodelists.xml#LanguageCode" codeListValue="eng"/>--><!-- better to use ISO 19139 codelists? -->
    </gmd:language>
    <gmd:characterSet>
        <gmd:MD_CharacterSetCode codeList="http://standards.iso.org/ittf/PubliclyAvailableStandards/ISO_19139_Schemas/resources/codelist/ML_gmxCodelists.xml#MD_CharacterSetCode" codeListValue="utf8">UTF 8</gmd:MD_CharacterSetCode>
    </gmd:characterSet>
    
    <gmd:contact>
        <gmd:CI_ResponsibleParty>
            <gmd:individualName><gco:CharacterString>NOAA OCS Contact Name</gco:CharacterString></gmd:individualName>
            <gmd:organisationName>
                <gco:CharacterString>NOAA Office of Coast Survey</gco:CharacterString>
            </gmd:organisationName>
            <gmd:contactInfo>
                <gmd:CI_Contact>
                    <gmd:phone>
                        <gmd:CI_Telephone>
                            <gmd:voice><gco:CharacterString>1-888-990-NOAA</gco:CharacterString></gmd:voice>
                        </gmd:CI_Telephone>
                    </gmd:phone>
                    <gmd:address>
                        <gmd:CI_Address>
                            <gmd:deliveryPoint><gco:CharacterString>1315 East West Highway</gco:CharacterString></gmd:deliveryPoint>
                            <gmd:city><gco:CharacterString>Silver Spring</gco:CharacterString></gmd:city>
                            <gmd:administrativeArea><gco:CharacterString>MD</gco:CharacterString></gmd:administrativeArea>
                            <gmd:postalCode><gco:CharacterString>20910</gco:CharacterString></gmd:postalCode>
                        </gmd:CI_Address>
                    </gmd:address>
                </gmd:CI_Contact>
            </gmd:contactInfo>
            <gmd:role><gmd:CI_RoleCode codeList="http://standards.iso.org/ittf/PubliclyAvailableStandards/ISO_19139_Schemas/resources/codelist/gmxCodelists.xml#CI_RoleCode" codeListValue="custodian"/></gmd:role>
        </gmd:CI_ResponsibleParty>
    </gmd:contact>
    <gmd:dateStamp>
        <gco:Date>2015-09-16</gco:Date>
    </gmd:dateStamp>
    <gmd:metadataStandardName><gco:CharacterString>ISO 19115 Geographic information - Metadata</gco:CharacterString></gmd:metadataStandardName>
    <gmd:metadataStandardVersion><gco:CharacterString>ISO 19115:2003/Cor.1:2006</gco:CharacterString></gmd:metadataStandardVersion>
    <gmd:dataSetURI><gmx:FileName src="AADLULGD09.000">AADLULGD09.000</gmx:FileName></gmd:dataSetURI>
    <gmd:identificationInfo>
        <gmd:MD_DataIdentification>
            <gmd:citation>
                <gmd:CI_Citation>
                    <gmd:title><gco:CharacterString>SUISUN BAY MIDDLE GROUND TO NEW YORK SLOUGH</gco:CharacterString></gmd:title>
                    <gmd:date>
                        <gmd:CI_Date>
                            <gmd:date>
                                <gco:Date>2012-04-16</gco:Date>
                            </gmd:date>
                            <gmd:dateType><gmd:CI_DateTypeCode codeList="http://standards.iso.org/ittf/PubliclyAvailableStandards/ISO_19139_Schemas/resources/codelist/ML_gmxCodelists.xml#MD_DateTypeCode" codeListValue="publication"></gmd:CI_DateTypeCode></gmd:dateType>
                        </gmd:CI_Date>
                    </gmd:date><gmd:date><gmd:CI_Date>
                        <gmd:date>
                            <gco:Date>2015-07-06</gco:Date>
                        </gmd:date>
                        <gmd:dateType><gmd:CI_DateTypeCode codeList="http://standards.iso.org/ittf/PubliclyAvailableStandards/ISO_19139_Schemas/resources/codelist/ML_gmxCodelists.xml#MD_DateTypeCode" codeListValue="revision"></gmd:CI_DateTypeCode></gmd:dateType>
                    </gmd:CI_Date></gmd:date>
                </gmd:CI_Citation>
            </gmd:citation>
            <gmd:abstract>
                <gco:CharacterString>This is a test ENC dataset derived from NOAA ENC cited above and conforming to S-101 draft product specification.</gco:CharacterString>
            </gmd:abstract>
            <gmd:purpose>
                <gco:CharacterString>New edition</gco:CharacterString>
            </gmd:purpose>
            <gmd:pointOfContact>
                <gmd:CI_ResponsibleParty>
                    <gmd:individualName><gco:CharacterString>Name of Contact for ENC Data</gco:CharacterString></gmd:individualName>
                    <gmd:organisationName>
                        <gco:CharacterString>NOAA Office of Coast Survey</gco:CharacterString>
                    </gmd:organisationName>
                    <gmd:contactInfo>
                        <gmd:CI_Contact>
                            <gmd:phone>
                                <gmd:CI_Telephone>
                                    <gmd:voice><gco:CharacterString>1-888-990-NOAA</gco:CharacterString></gmd:voice>
                                </gmd:CI_Telephone>
                            </gmd:phone>
                            <gmd:address>
                                <gmd:CI_Address>
                                    <gmd:deliveryPoint><gco:CharacterString>1315 East West Highway</gco:CharacterString></gmd:deliveryPoint>
                                    <gmd:city><gco:CharacterString>Silver Spring</gco:CharacterString></gmd:city>
                                    <gmd:administrativeArea><gco:CharacterString>MD</gco:CharacterString></gmd:administrativeArea>
                                    <gmd:postalCode><gco:CharacterString>20910</gco:CharacterString></gmd:postalCode>
                                </gmd:CI_Address>
                            </gmd:address>
                        </gmd:CI_Contact>
                    </gmd:contactInfo>
                    <gmd:role><gmd:CI_RoleCode codeList="http://standards.iso.org/ittf/PubliclyAvailableStandards/ISO_19139_Schemas/resources/codelist/gmxCodelists.xml#CI_RoleCode" codeListValue="originator"/></gmd:role>
                </gmd:CI_ResponsibleParty>
            </gmd:pointOfContact>

            <gmd:resourceSpecificUsage>
                <gmd:MD_Usage>
                    <gmd:specificUsage><gco:CharacterString>Port Entry</gco:CharacterString></gmd:specificUsage>
                    <gmd:userContactInfo>
                        <gmd:CI_ResponsibleParty>
                           <gmd:organisationName>
                               <gco:CharacterString>NOAA Office of Coast Survey</gco:CharacterString>
                            </gmd:organisationName>
                            <gmd:role><gmd:CI_RoleCode codeList="http://standards.iso.org/ittf/PubliclyAvailableStandards/ISO_19139_Schemas/resources/codelist/gmxCodelists.xml#CI_RoleCode" codeListValue="publisher"/></gmd:role>
                    </gmd:CI_ResponsibleParty>
                    </gmd:userContactInfo>
                </gmd:MD_Usage>
            </gmd:resourceSpecificUsage>
            <gmd:language>
                <gco:CharacterString>English</gco:CharacterString>
                <!--<gmd:LanguageCode codeList="http://standards.iso.org/ittf/PubliclyAvailableStandards/ISO_19139_Schemas/resources/codelist/ML_gmxCodelists.xml#LanguageCode" codeListValue="eng"/>-->
            </gmd:language>
            <gmd:topicCategory>
                <gmd:MD_TopicCategoryCode>transportation</gmd:MD_TopicCategoryCode>
            </gmd:topicCategory>
            <gmd:extent>
                <gmd:EX_Extent><gmd:geographicElement><gmd:EX_GeographicBoundingBox>
                    <gmd:westBoundLongitude><gco:Decimal>-122.061389</gco:Decimal></gmd:westBoundLongitude>
                    <gmd:eastBoundLongitude><gco:Decimal>-121.939722</gco:Decimal></gmd:eastBoundLongitude>
                    <gmd:southBoundLatitude><gco:Decimal>38.026667</gco:Decimal></gmd:southBoundLatitude>
                    <gmd:northBoundLatitude><gco:Decimal>38.090000</gco:Decimal></gmd:northBoundLatitude>
                </gmd:EX_GeographicBoundingBox></gmd:geographicElement>
                </gmd:EX_Extent>
            </gmd:extent>
            <gmd:supplementalInformation><gco:CharacterString></gco:CharacterString></gmd:supplementalInformation>
        </gmd:MD_DataIdentification>
    </gmd:identificationInfo>

    <!--<gmd:distributionInfo></gmd:distributionInfo>-->
    <!--<gmd:dataQualityInfo></gmd:dataQualityInfo>-->
    <!-- optional elements can be omitted altogether and should be omitted if the info is unavailable -->

    <gmd:portrayalCatalogueInfo>
        <gmd:MD_PortrayalCatalogueReference>
            <gmd:portrayalCatalogueCitation>
                <gmd:CI_Citation>
                    <gmd:title><gco:CharacterString>S-101 Product Specification</gco:CharacterString></gmd:title>
                    <gmd:date><gmd:CI_Date>
                        <gmd:date><gco:Date>2015-07-21</gco:Date></gmd:date>
                        <gmd:dateType gco:nilReason="inapplicable"/>
                    </gmd:CI_Date></gmd:date>
                    <gmd:otherCitationDetails><gco:CharacterString>Clause X</gco:CharacterString></gmd:otherCitationDetails>
                </gmd:CI_Citation>
            </gmd:portrayalCatalogueCitation>
        </gmd:MD_PortrayalCatalogueReference></gmd:portrayalCatalogueInfo>
    
    <gmd:metadataConstraints>
        <gmd:MD_SecurityConstraints>
            <gmd:classification>
                <gmd:MD_ClassificationCode codeList="http://standards.iso.org/ittf/PubliclyAvailableStandards/ISO_19139_Schemas/resources/codelist/gmxCodelists.xml#MD_ClassificationCode" codeListValue="unclassified">available for general disclosure</gmd:MD_ClassificationCode>
            </gmd:classification>
        </gmd:MD_SecurityConstraints>
    </gmd:metadataConstraints>

    <gmd:applicationSchemaInfo><gmd:MD_ApplicationSchemaInformation>
        <gmd:name><gmd:CI_Citation>
            <gmd:title><gco:CharacterString>S-101 Product Specification</gco:CharacterString></gmd:title>
            <gmd:date><gmd:CI_Date>
                <gmd:date><gco:Date>2015-07-21</gco:Date></gmd:date>
                <gmd:dateType gco:nilReason="inapplicable"/>
            </gmd:CI_Date></gmd:date>
            <gmd:otherCitationDetails><gco:CharacterString>Clause Y</gco:CharacterString></gmd:otherCitationDetails>
        </gmd:CI_Citation></gmd:name>
        <gmd:schemaLanguage><gco:CharacterString>UML</gco:CharacterString></gmd:schemaLanguage>
        <gmd:constraintLanguage gco:nilReason="inapplicable"/>
    </gmd:MD_ApplicationSchemaInformation></gmd:applicationSchemaInfo>
    
    <gmd:metadataMaintenance>
        <gmd:MD_MaintenanceInformation>
            <gmd:maintenanceAndUpdateFrequency><gmd:MD_MaintenanceFrequencyCode codeList="http://standards.iso.org/ittf/PubliclyAvailableStandards/ISO_19139_Schemas/resources/codelist/gmxCodelists.xml#MD_MaintenanceFrequencyCode" codeListValue="asNeeded">as needed</gmd:MD_MaintenanceFrequencyCode></gmd:maintenanceAndUpdateFrequency> 
        </gmd:MD_MaintenanceInformation>
    </gmd:metadataMaintenance>
</gmd:MD_Metadata>
